<?xml version="1.0" encoding="UTF-8"?>
<!DOCTYPE mapper PUBLIC "-//mybatis.org//DTD Mapper 3.0//EN" "https://mybatis.org/dtd/mybatis-3-mapper.dtd">
<mapper namespace="reply">
	<select id="selectByBoardId" resultType="replyDTO">
		select reply_id, reply_content, reply_register_date, reply_updated_date, m.member_id, m.member_name
		from tbl_member m inner join tbl_reply r
		on m.member_id = r.member_id and board_id = #{boardId}
		order by reply_id desc
		limit #{offset}, #{rowCount}
	</select>
	
	<insert id="insert">
		insert into tbl_reply
		(reply_content, member_id, board_id)
		values(#{replyContent}, #{memberId}, #{boardId})
	</insert>
	
	<update id="update">
		update tbl_reply
		set reply_content = #{replyContent}, reply_updated_date = current_timestamp()
		where reply_id = #{replyId}
	</update>
	
	<delete id="delete">
		delete from tbl_reply where reply_id = #{replyId}
	</delete>
</mapper>


















