<?xml version="1.0" encoding="UTF-8"?>
<!DOCTYPE mapper PUBLIC "-//mybatis.org//DTD Mapper 3.0//EN" "https://mybatis.org/dtd/mybatis-3-mapper.dtd">
<mapper namespace="member">
	<insert id="insert" parameterType="memberVO">
		insert into tbl_member(member_name, member_age)
		values(#{memberName}, #{memberAge})
	</insert>
	
	<select id="selectAll" resultType="memberVO">
		select member_id, member_name, member_age from tbl_member
	</select>
	
	<select id="getCountOfMemberName" resultType="_int">
		select count(member_id) from tbl_member
		where member_name = #{memberName}
	</select>
	
	<select id="select" resultType="memberVO">
		select member_id, member_name, member_age from tbl_member
		where member_id = #{memberId}
	</select>
	
	<delete id="delete">
		delete from tbl_member
		where member_id = #{memberId}
	</delete>
	
	<update id="update">
		update tbl_member
		set member_name = #{memberName}, member_age = #{memberAge}
		where member_id = #{memberId}
	</update>
	
</mapper>


















